entry_type,key,author,title,journal,volume,number,pages,keywords,doi,url,eprint,abstract,year,note
article,https://doi.org/10.1111/pbi.70208,"Danilevicz, Monica F. and Upadhyaya, Shriprabha R. and Batley, Jacqueline and Bennamoun, Mohammed and Bayer, Philipp E. and Edwards, David",Understanding plant phenotypes in crop breeding through explainable AI,Plant Biotechnology Journal,23,10,4200-4213,"explainable AI, UAV images, crop breeding, climate resilience, deep learning",https://doi.org/10.1111/pbi.70208,https://onlinelibrary.wiley.com/doi/abs/10.1111/pbi.70208,https://onlinelibrary.wiley.com/doi/pdf/10.1111/pbi.70208,"Summary Machine learning use in plant phenotyping has grown exponentially. These algorithms empowered the use of image data to measure plant traits rapidly and to predict the effect of genetic and environmental conditions on plant phenotype. However, the lack of interpretability in machine learning models has limited their usefulness in gaining insights into the underlying biological processes that drive plant phenotypes. Explainable AI (XAI) emerges to help understand the ‘why’ behind machine learning model predictions and allow researchers to investigate the most influential features that lead to prediction, classification or segmentation results. Understanding the mechanisms behind model prediction is also central to sanity-checking models, increasing model reliability and identifying dataset biases that may limit the model's applicability across different conditions. This review introduces the concept of XAI and presents current algorithms, emphasizing their suitability for different data types or machine learning algorithms. The use of XAI to leverage trait information is highlighted, showcasing how recent studies employed model explanations to recognize the features that impact plant phenotype. Overall, this review presents a framework for using XAI to gain insights into intricate biological processes driving plant phenotypes, underscoring the significance of transparency and interpretability in machine learning.",2025,
article,https://doi.org/10.1002/jsfa.14290,"Ahmed, Md Wadud and Alam, Sreezan and Khaliduzzaman, Alin and Emmert, Jason Lee and Kamruzzaman, Mohammed",Non-destructive measurement of eggshell strength using NIR spectroscopy and explainable artificial intelligence,Journal of the Science of Food and Agriculture,105,10,5550-5562,"eggshell strength, NIR spectroscopy, variable selection, explainable AI, egg industry",https://doi.org/10.1002/jsfa.14290,https://onlinelibrary.wiley.com/doi/abs/10.1002/jsfa.14290,https://onlinelibrary.wiley.com/doi/pdf/10.1002/jsfa.14290,"Abstract Background Eggshell strength is crucial for ensuring high-quality eggs, reducing breakage during handling, and meeting consumer expectations for freshness and integrity. Conventional methods of eggshell strength measurement are often destructive, time-consuming and unsuitable for large-scale applications. This study evaluated the potential of near-infrared (NIR) spectroscopy combined with explainable artificial intelligence (AI) as a rapid, non-destructive method for determining eggshell strength. Various multivariate analysis techniques were explored to enhance prediction accuracy, including spectral pre-processing and variable selection methods. Results Principal component analysis and partial least squares discriminant analysis effectively classified eggs based on a threshold shell strength of 30 N. Regression models, including partial least squares regression, random forest (RF), light gradient boosting machine and K-nearest neighbors, were evaluated. Using only 14 selected variables, the RF model achieved a very good prediction performance with Rp2 of 0.83, root mean square error of prediction of 1.49 N and ratio of prediction to deviation of 2.44. The Shapley additive explanation approach provided insights into variable contributions, enhancing the model's interpretability. Conclusion This study demonstrated that NIR spectroscopy, integrated with explainable AI, is a robust, non-destructive and environmentally sustainable approach for eggshell strength prediction. This innovative method holds significant potential for optimizing resource utilization and enhancing quality control in the egg industry. © 2025 The Author(s). Journal of the Science of Food and Agriculture published by John Wiley \& Sons Ltd on behalf of Society of Chemical Industry.",2025,
article,https://doi.org/10.1002/ps.8456,"Dosset, Arailym and Dang, L. Minh and Alharbi, Faisal and Habib, Shabana and Alam, Nur and Park, Han Yong and Moon, Hyeonjoon",Cassava disease detection using a lightweight modified soft attention network,Pest Management Science,81,2,607-617,"cassava disease detection, crop, deep learning, pest control, modified attention, lightweight network",https://doi.org/10.1002/ps.8456,https://onlinelibrary.wiley.com/doi/abs/10.1002/ps.8456,https://onlinelibrary.wiley.com/doi/pdf/10.1002/ps.8456,"Abstract BACKGROUND Cassava is a high-carbohydrate crop that is at risk of viral infections. The production rate and quality of cassava crops are affected by several diseases. However, the manual identification of diseases is challenging and requires considerable time because of the lack of field professionals and the limited availability of clear and distinct information. Consequently, the agricultural management system is seeking an efficient and lightweight method that can be deployable to edged devices for detecting diseases at an early stage. To address these issues and accurately categorize different diseases, a very effective and lightweight framework called CDDNet has been introduced. We used MobileNetV3Small framework as a backbone feature for extracting optimized, discriminating, and distinct features. These features are empirically validated at the early intermediate stage. Additionally, we modified the soft attention module to effectively prioritize the diseased regions and enhance significant cassava plant disease-related features for efficient cassava disease detection. RESULTS Our proposed method achieved accuracies of 98.95\%, 97.03\%, and 98.25\% on Cassava Image Dataset, Cassava Plant Disease Merged (2019–2020) Dataset, and the newly created Cassava Plant Composite Dataset, respectively. Furthermore, the proposed technique outperforms previous state-of-the-art methods in terms of accuracy, parameter count, and frames per second values, ultimately making the proposed CDDNet the best one for real-time processing. CONCLUSION Our findings underscore the importance of a lightweight and efficient technique for cassava disease detection and classification in a real-time environment. Furthermore, we highlight the impact of modified soft attention on model performance. © 2024 The Author(s). Pest Management Science published by John Wiley \& Sons Ltd on behalf of Society of Chemical Industry.",2025,
article,https://doi.org/10.1111/afe.12630,"Leybourne, Daniel J. and Musa, Nasamu and Yang, Po","Can artificial intelligence be integrated into pest monitoring schemes to help achieve sustainable agriculture? An entomological, management and computational perspective",Agricultural and Forest Entomology,27,1,8-17,"artificial intelligence, decision support system, image recognition, integrated pest management, machine learning, pest management",https://doi.org/10.1111/afe.12630,https://onlinelibrary.wiley.com/doi/abs/10.1111/afe.12630,https://onlinelibrary.wiley.com/doi/pdf/10.1111/afe.12630,"Abstract Recent years have seen significant advances in artificial intelligence (AI) technology. This advancement has enabled the development of decision support systems that support farmers with herbivorous pest identification and pest monitoring. In these systems, the AI supports farmers through the detection, classification and quantification of herbivorous pests. However, many of the systems under development fall short of meeting the demands of the end user, with these shortfalls acting as obstacles that impede the integration of these systems into integrated pest management (IPM) practices. There are four common obstacles that restrict the uptake of these AI-driven decision support systems. Namely: AI technology effectiveness, functionality under field conditions, the level of computational expertise and power required to use and run the system and system mobility. We propose four criteria that AI-driven systems need to meet in order to overcome these challenges: (i) The system should be based on effective and efficient AI; (ii) The system should be adaptable and capable of handling ‘real-world’ image data collected from the field; (iii) Systems should be user-friendly, device-driven and low-cost; (iv) Systems should be mobile and deployable under multiple weather and climate conditions. Systems that meet these criteria are likely to represent innovative and transformative systems that successfully integrate AI technology with IPM principles into tools that can support farmers.",2025,
article,https://doi.org/10.1111/2041-210X.14061,"Pichler, Maximilian and Hartig, Florian",Machine learning and deep learning—A review for ecologists,Methods in Ecology and Evolution,14,4,994-1016,"artificial intelligence, big data, causal inference, deep learning, machine learning",https://doi.org/10.1111/2041-210X.14061,https://onlinelibrary.wiley.com/doi/abs/10.1111/2041-210X.14061,https://onlinelibrary.wiley.com/doi/pdf/10.1111/2041-210X.14061,"Abstract The popularity of machine learning (ML), deep learning (DL) and artificial intelligence (AI) has risen sharply in recent years. Despite this spike in popularity, the inner workings of ML and DL algorithms are often perceived as opaque, and their relationship to classical data analysis tools remains debated. Although it is often assumed that ML and DL excel primarily at making predictions, ML and DL can also be used for analytical tasks traditionally addressed with statistical models. Moreover, most recent discussions and reviews on ML focus mainly on DL, failing to synthesise the wealth of ML algorithms with different advantages and general principles. Here, we provide a comprehensive overview of the field of ML and DL, starting by summarizing its historical developments, existing algorithm families, differences to traditional statistical tools, and universal ML principles. We then discuss why and when ML and DL models excel at prediction tasks and where they could offer alternatives to traditional statistical methods for inference, highlighting current and emerging applications for ecological problems. Finally, we summarize emerging trends such as scientific and causal ML, explainable AI, and responsible AI that may significantly impact ecological data analysis in the future. We conclude that ML and DL are powerful new tools for predictive modelling and data analysis. The superior performance of ML and DL algorithms compared to statistical models can be explained by their higher flexibility and automatic data-dependent complexity optimization. However, their use for causal inference is still disputed as the focus of ML and DL methods on predictions creates challenges for the interpretation of these models. Nevertheless, we expect ML and DL to become an indispensable tool in ecology and evolution, comparable to other traditional statistical tools.",2023,
article,https://doi.org/10.1111/2041-210x.70120,"Miao, Zhongqi and Zhang, Yuanhan and Fabian, Zalan and Hernandez Celis, Andres and Beery, Sara and Li, Chunyuan and Liu, Ziwei and Gupta, Amrita and Nasir, Md and Li, Wanhua and Holmberg, Jason and Palmer, Meredith and Gaynor, Kaitlyn and Arbelaez, Pablo and Wang, Pengce and Dodhia, Rahul and Ferres, Juan Lavista",New frontiers in artificial intelligence for biodiversity research and conservation with multimodal language models,Methods in Ecology and Evolution,17,2,238-256,"AI for biodiversity, AI for conservation, explainable AI, few-shot learning, generative AI, human machine interaction, multimodal language models, zero-shot learning",https://doi.org/10.1111/2041-210x.70120,https://onlinelibrary.wiley.com/doi/abs/10.1111/2041-210x.70120,https://onlinelibrary.wiley.com/doi/pdf/10.1111/2041-210x.70120,"Abstract The integration of artificial intelligence (AI) into biodiversity research and conservation is growing rapidly, demonstrating great potential in reducing the intensive human labour required for data preprocessing, thereby, facilitating larger data collections that offer ecological insights at unprecedented scales. However, most of these AI applications for biodiversity are still in the early stages of development, hindered by challenges inherent in real-world datasets and the limited accessibility of these technologies to practitioners without extensive programming knowledge. The recent advent of multimodal language models, which can process and generate multiple data modalities, has significantly expanded the realm of possible AI applications in biodiversity research. These models have demonstrated the ability to classify species and recognize more complex concepts, such as animal postures and orientations, without prior exposure during training. Multimodal language models can also provide explanations for their predictions and interact with humans in natural language, thereby making them more transparent, intuitive and accessible to non-specialists. Despite these advancements, the use of multimodal language models for biodiversity still needs to overcome unique barriers to application, including high computational and financial demands, reliance on prompt engineering for consistent model performance on large datasets and insufficient open-source sharing of state-of-the-art methods. This paper explores the transformative potential of multimodal language models for biodiversity research and discusses several possible applications in biodiversity research. We also discuss challenges to implement these models in real-world conservation scenarios and propose directions for future research to overcome these hurdles. Our goal is to encourage robust discussions and research into the integration of multimodal language models to advance AI for biodiversity research and conservation.",2026,
article,https://doi.org/10.1002/biot.70100,"Singh, Rohan and Orimi, Hamid Ebrahimi and Pedabaliyarasimhuni, Praveen Kumar Raju and Hoesli, Corinne A. and Chioua, Moncef",AI-Driven Quality Monitoring and Control in Stem Cell Cultures: A Comprehensive Review,Biotechnology Journal,20,8,e70100,"artificial intelligence, predictive modeling, quality monitoring, real-time feedback, stem cell culture",https://doi.org/10.1002/biot.70100,https://onlinelibrary.wiley.com/doi/abs/10.1002/biot.70100,https://onlinelibrary.wiley.com/doi/pdf/10.1002/biot.70100,"ABSTRACT Recent advancements in stem cell research forge them into one of the most promising sources for cell therapy applications. Quality monitoring in stem cell culture is essential for ensuring consistency, viability, and therapeutic efficacy. Traditional methods involve periodic sampling for conducting endpoint assays such as cell viability, proliferation, and differentiation using microscopy and flow cytometry, which are labor-intensive and often lack the real-time monitoring of the processes for scale-up applications. This paper explores artificial intelligence (AI)-driven approaches for real-time quality control, integrating machine vision, predictive modeling, and sensor-based monitoring. AI models analyze high-resolution imaging and multi-sensor data to dynamically track critical quality attributes (CQAs), including cell morphology, proliferation rate, differentiation potential, environmental stability (pH, oxygen, and nutrient levels), genetic integrity, and contamination risks. These models enable automated anomaly detection, differentiation tracking, and adaptive culture optimization. By leveraging real-time feedback systems and multi-omics integration, AI-driven techniques enhance scalability, reproducibility, and process automation in stem cell biomanufacturing. This review outlines current advancements, challenges, and future directions in AI-assisted quality monitoring and highlights its potential to improve fully automated, scalable production of stem cell lines for clinical translation and regulatory compliance in regenerative medicine.",2025,
article,https://doi.org/10.1111/afe.12667,"Suresh, Mukilan Deivarajan and Xin, Tong and Cook, Samantha M. and Evans, Darren M.",Bugs and bytes: Entomological biomonitoring through the integration of deep learning and molecular analysis for merged community and network analysis,Agricultural and Forest Entomology,27,1,35-49,"biodiversity conservation, ecological networks, entomology, insects, integrated pest management, metabarcoding",https://doi.org/10.1111/afe.12667,https://onlinelibrary.wiley.com/doi/abs/10.1111/afe.12667,https://onlinelibrary.wiley.com/doi/pdf/10.1111/afe.12667,"Abstract Insects play a vital role in ecosystem functioning, but in some parts of the world, their populations have declined significantly in recent decades due to environmental change, agricultural intensification and other anthropogenic drivers. Monitoring insect populations is crucial for understanding and mitigating biodiversity loss, especially in agro-ecosystems where a focus on pests and beneficial insects is gaining momentum in the context of sustainable food systems. Biomonitoring has long played an important role in providing early warnings of insect pests and their vectored pathogens and for assessing agro-ecosystem management. However, identification of invertebrates by taxonomists is time-consuming and fraught with numerous other challenges, particularly when it comes to real-time monitoring. Recent technological advances in both computational image recognition and molecular ecology have enhanced biomonitoring efficiency and accuracy, reducing labour efforts, but leading to unprecedented volumes of data generated. This perspective article examines the significance and further potential of deep learning with image-based recognition, aided by complementary technologies, in advancing entomological biomonitoring. Using entomological sticky traps as an example, we discuss each step of the workflow required to create ecological networks using image-based recognition, multimodal data and deep learning, and we identify the challenges inherent to this method and other insect survey techniques. In order to become mainstream for global biomonitoring, access to long-term, standardised multimodal data is required for comprehending ecosystem dynamics, structure and function and for mitigating insect population declines.",2025,
article,https://doi.org/10.1111/pbi.70591,"Nie, Shuai and Li, Fangping and Li, Risheng and Wang, Jian and Ma, Yamei and Chan, Chon Kit Kenneth and Zhao, Junliang and Hu, Haifei",Challenges in Bringing Pangenome Research Into Breeding: A Case Study in Rice,Plant Biotechnology Journal,n/a,n/a,,"artificial intelligence, molecular breeding, rice pangenome, structural variants (SVs)",https://doi.org/10.1111/pbi.70591,https://onlinelibrary.wiley.com/doi/abs/10.1111/pbi.70591,https://onlinelibrary.wiley.com/doi/pdf/10.1111/pbi.70591,"ABSTRACT Crop breeding has entered the pangenomics era, unlocking a far more comprehensive view of genetic diversity than a single reference genome can capture. In rice (Oryza sativa), a staple crop critical to global food security, the construction of pangenome resources has uncovered extensive structural variations (SVs), presence/absence variations (PAVs) and novel genes that underpin key agronomic traits. As the rice pangenome matures from a research resource into a practical breeding tool, it promises to accelerate the development of higher-yielding, stress-resilient and disease-resistant varieties. This transition represents a pivotal advance toward sustainable agriculture and enhanced global food security, while also establishing a model for applying pangenomics to other crops. Here, we review how rice pangenome research, encompassing both cultivated and wild species, has advanced trait discovery from yield improvement and disease resistance to stress tolerance and enabled new molecular breeding strategies. Despite these advances, several challenges remain before pangenomic data can be routinely integrated into breeding pipelines. The complexity of graph-based data structures, difficulties in detecting multiallelic variants from population-wide resequencing data and the lack of breeder-friendly genotyping tools are significant barriers. Additionally, while artificial intelligence (AI) and machine learning (ML) approaches show great promise for interpreting complex pangenomic data and accelerating trait discovery by genomic selection, their practical adoption is hindered by the absence of breeder-oriented interfaces, integration challenges with multi-omics data and high computational demands. Overcoming these issues will require interdisciplinary collaboration, robust infrastructure and innovations focused on practical breeding needs across diverse crop species.",,PBI-00829-2025.R1
article,https://doi.org/10.1002/agj2.21353,"Gardezi, Maaz and Joshi, Bhavna and Rizzo, Donna M. and Ryan, Mark and Prutzer, Edward and Brugler, Skye and Dadkhah, Ali",Artificial intelligence in farming: Challenges and opportunities for building trust,Agronomy Journal,116,3,1217-1228,,https://doi.org/10.1002/agj2.21353,https://onlinelibrary.wiley.com/doi/abs/10.1002/agj2.21353,https://onlinelibrary.wiley.com/doi/pdf/10.1002/agj2.21353,"Abstract Artificial intelligence (AI) represents technologies with human-like cognitive abilities to learn, perform, and make decisions. AI in precision agriculture (PA) enables farmers and farm managers to deploy highly targeted and precise farming practices based on site-specific agroclimatic field measurements. The foundational and applied development of AI has matured considerably over the last 30 years. The time is now right to engage seriously with the ethics and responsible practice of AI for the well-being of farmers and farm managers. In this paper, we identify and discuss both challenges and opportunities for improving farmers’ trust in those providing AI solutions for PA. We highlight that farmers’ trust can be moderated by how the benefits and risks of AI are perceived, shared, and distributed. We propose four recommendations for improving farmers’ trust. First, AI developers should improve model transparency and explainability. Second, clear responsibility and accountability should be assigned to AI decisions. Third, concerns about the fairness of AI need to be overcome to improve human-machine partnerships in agriculture. Finally, regulation and voluntary compliance of data ownership, privacy, and security are needed, if AI systems are to become accepted and used by farmers.",2024,
article,https://doi.org/10.1002/sae2.70111,"Rivera-Palacio, Juan C. and Bunn, Christian and Ryo, Masahiro",Smartphone-Based Monitoring Identifies the Importance of Farm Size and Soil Type for Coffee Tree Productivity at a Large Geographic Scale,Journal of Sustainable Agriculture and Environment,4,4,e70111,"citizen science, coffee, explainable artificial intelligence, monitoring, soil",https://doi.org/10.1002/sae2.70111,https://onlinelibrary.wiley.com/doi/abs/10.1002/sae2.70111,https://onlinelibrary.wiley.com/doi/pdf/10.1002/sae2.70111,"ABSTRACT Smartphone-based monitoring has been increasingly applied to coffee crops for multiple tasks, such as predicting coffee tree productivity. However, its implementation remains limited to small-scale use, typically at the individual plant level. At larger scales, such as the farm level, its application is largely unexplored. Moreover, it is unclear whether the use of smartphone-based monitoring can help identifying key factors driving coffee tree productivity such as climate, soil, and management characteristics. To address these challenges, we investigate coffee tree productivity at the farm level and its key driving factors using smartphone-based monitoring and explainable artificial intelligence (xAI), and compare the results with those obtained from manual monitoring at the farm level. We used a multimodal data set composed of satellite data (soil and climate), smartphone-based monitoring (coffee tree productivity), and management characteristics (area, shade trees, and farm shape). The results showed that smartphone-based monitoring reached a of R² = 0.84 in predicting coffee tree productivity at the farm level. The xAI results revealed that both smartphone-based and manual monitoring approaches identified the coffee cultivation area (greater than 13 ha) and soil texture (sandy, clay loam) as the most important variables influencing coffee tree productivity at farm level. The analysis also indicated that shade trees do not significantly affect coffee tree productivity. These findings suggest that smartphone-based monitoring can serve as a reliable and scalable alternative to manual monitoring for evaluating coffee tree productivity at the farm level.",2025,
article,https://doi.org/10.1002/agj2.70204,"Majumder, Sambadi and Mason, Chase M.",Sunflower yield modeling with explainable artificial intelligence: Historical weather impacts across half a century of American production,Agronomy Journal,117,6,e70204,,https://doi.org/10.1002/agj2.70204,https://onlinelibrary.wiley.com/doi/abs/10.1002/agj2.70204,https://onlinelibrary.wiley.com/doi/pdf/10.1002/agj2.70204,"Abstract This study applies explainable artificial intelligence (XAI) to analyze the impact of inter-year variation in weather conditions on yields of oilseed sunflower (Helianthus annuus L.) across the United States. By integrating historical county-level yield data from 1976 to 2022 with monthly meteorological data over the same period, we identified key weather predictors influencing sunflower yields at national and state levels along with critical yield-sensitive threshold temperature and precipitation values that predict reduced yield. Across the sunflower production range, the most critical climate variables identified are July and August maximum temperatures and total precipitation, reflecting yield vulnerability to summer heat waves and drought during budding and flowering. Secondarily, overly cool temperatures during spring planting and establishment (May–June) reduce yields, as do overly cool end-of-season temperatures during seed maturation and harvest (September–October), indicating risk of frost or insufficient growing degree days to support plant development. Winter precipitation and temperatures were also detected as important to overall yield dynamics, in particular where wetter winters benefitted yields. Specific temperature and precipitation tipping points vary across the geographic extent of production, but align with existing agronomic knowledge. Our XAI approach enhances model transparency, offering valuable insights for farmers and policymakers to develop adaptive strategies for sunflower cultivation under climate change. Future research incorporating additional factors like soil characteristics and agricultural practices can further refine yield predictions.",2025,
article,https://doi.org/10.1002/sae2.12036,"Ryo, Masahiro and Schiller, Josepha and Stiller, Stefan and Rivera Palacio, Juan Camilo and Mengsuwan, Konlavach and Safonova, Anastasiia and Wei, Yuqi",Deep learning for sustainable agriculture needs ecology and human involvement,Journal of Sustainable Agriculture and Environment,2,1,40-44,"biodiversity, deep learning, ecology, smart agriculture, sustainable agriculture",https://doi.org/10.1002/sae2.12036,https://onlinelibrary.wiley.com/doi/abs/10.1002/sae2.12036,https://onlinelibrary.wiley.com/doi/pdf/10.1002/sae2.12036,"Abstract Deep learning is an emerging data analytic tool that can improve predictability, efficiency and sustainability in agriculture. With a bibliometric analysis of 156 articles, we show how deep learning methods have been applied in the context of sustainable agriculture. As a general publication trend, China and India are leading countries for publication, international collaboration is still minor. Deep learning has been popularly applied in the context of smart agriculture across scales for individual plant monitoring, field monitoring, field operation and robotics, predicting soil, water and climate conditions and landscape-level monitoring of land use and crop types. We identified that the potential of deep learning had been investigated mainly for predicting soil (abiotic), water, climate and vegetation dynamics, but ecological characteristics are critically understudied. We also highlight key themes that can be better addressed with deep learning for fostering sustainable agriculture: (i) including above- and belowground ecological dynamics such as ecosystem functioning and ecotone, (ii) evaluating agricultural impacts on other ecosystems and (iii) incorporating the knowledge and opinions of domain experts and stakeholders into artificial intelligence. We propose that deep learning needs to go beyond automatic data analysis by integrating ecological and human knowledge to foster sustainable agriculture.",2023,
article,https://doi.org/10.1111/2041-210X.14046,"Slingsby, Jasper A. and Wilson, Adam M. and Maitner, Brian and Moncrieff, Glenn R.",Regional ecological forecasting across scales: A manifesto for a biodiversity hotspot,Methods in Ecology and Evolution,14,3,757-770,"adaptive management, biodiversity, demography, ecological forecasting, monitoring, remote sensing",https://doi.org/10.1111/2041-210X.14046,https://onlinelibrary.wiley.com/doi/abs/10.1111/2041-210X.14046,https://onlinelibrary.wiley.com/doi/pdf/10.1111/2041-210X.14046,"Abstract Iterative near-term ecological forecasting has great promise to provide vital information to decision-makers while improving our ecological understanding, yet several logistical and fundamental challenges remain. The ecoinformatics requirements are onerous to develop and maintain, posing a barrier to entry for regions where funding and expertise are limited, and there are fundamental challenges to developing forecasts that fulfil information needs spanning spatial, temporal and biological scales. Using the hyperdiverse Cape Floristic Region of South Africa as a case study, we propose that developing regionally focussed sets of ecological forecasts will help resolve logistical challenges faced by under-resourced regions of the world, while comparison or coupling of models across scales will facilitate new fundamental insights. We review information needs and existing models for the region and explore how they could be developed into a set of linked iterative near-term forecasts. Comparing or coupling ecological forecasts from different scales within the same domain has much potential to provide new insights for decision-makers and ecologists alike. They allow us to quantitatively link processes in space and time, potentially revealing feedbacks, interconnections and emergent properties, while providing powerful tools for testing decision scenarios and identifying trade-offs or unanticipated outcomes. While the development of multiple or combined ecological forecasts that span scales is not trivial, there are logistical gains to be made from developing shared ecoinformatics pipelines that feed multiple models. Even where useful forecasts do not yet exist, the pipelines can be of great value in their own right, delivering frequent and up-to-date information to decision-makers while providing the basis for forecast development and other scientific research. Viewed together, regionally focussed approaches to ecological forecasting present a compelling opportunity to overcome logistical constraints and to integrate across multiple scales of organisation, ultimately improving our understanding and management of ecosystems.",2023,MEE-22-05-457.R2
article,https://doi.org/10.1029/2025GH001580,"Park, Minyeong and Kang, Jung Eun","Do Community Characteristics Explain Heat-Related Illness in Seoul, Korea?",GeoHealth,10,3,e2025GH001580,"heat-related illness, machine learning, community characteristics, climate risk assessment, apparent temperature, urban vulnerability",https://doi.org/10.1029/2025GH001580,https://onlinelibrary.wiley.com/doi/abs/10.1029/2025GH001580,https://onlinelibrary.wiley.com/doi/pdf/10.1029/2025GH001580,"Abstract Heatwaves intensified by climate change have increasingly threatened public health, highlighting the need for proactive and spatially targeted interventions. This study aimed to provide scientific evidence for managing the risk of heat-related illness (HRI) by integrating community-level physical environments and sociodemographic characteristics and applying explainable artificial intelligence techniques. Based on the Hazard–Exposure–Vulnerability–Response framework presented in the IPCC Sixth Assessment Report, we evaluated 20 regression models using Seoul, South Korea, as a case study. Nonlinear models demonstrated superior predictive performance compared to linear models, and Shapley additive explanations analysis revealed that apparent temperature, urbanized area ratio, older-adult population ratio, outdoor worker count, and accessibility to water areas were the most influential variables. Apparent temperature exhibited a distinct threshold with a sharp increase in HRI risk above 36°C, while less-urbanized areas were associated with higher incidence rates. Communities with higher proportions of older adults and outdoor workers consistently demonstrated greater vulnerability, and the effect of accessibility to water areas was spatially limited within daily activity spaces. Given the weak linear associations between HRI incidence and all explanatory variables (r < 0.2), nonlinear dynamics and interactions play a critical role in understanding HRI risk. This study provides actionable insights for designing targeted heat-health policies that consider diverse community characteristics.",2026,e2025GH001580 2025GH001580
article,https://doi.org/10.1002/moda.70026,"Song, Jingyan and Liang, Haifeng and Lu, Bingjie and Guo, Jing and Gao, Yuan and Hu, Xiao and Yang, Manlin and Li, Xiaofan and Wang, Zhenyu and Chen, Yongqi and Zhang, Yinyin and Su, Shen and Gao, Zhangyun and Li, Shijie and Chen, Ping and Wang, Jing and Yang, Wanneng and Feng, Hui",Hyperspectral Imaging: The Intelligent Eye to Uncover the Password of Plant Science,Modern Agriculture,3,2,e70026,"database, data mining, hyperspectral imaging, phenomics, plant, toolkits",https://doi.org/10.1002/moda.70026,https://onlinelibrary.wiley.com/doi/abs/10.1002/moda.70026,https://onlinelibrary.wiley.com/doi/pdf/10.1002/moda.70026,"ABSTRACT Plant phenomics has emerged as a critical bridge between genotype and phenotype, addressing a significant bottleneck in crop breeding and functional genomics studies. Hyperspectral imaging, a key technology in this field, has been instrumental in high-throughput, non-destructive phenotyping. Compared to other imaging technologies, hyperspectral imaging stands out for its continuous and fine spectral resolution, capturing subtle changes in plant biochemical and physiological states, which is essential for precise identification and analysis of plant characteristics. Recent advances in deep learning have further expedited hyperspectral data analysis, fostered multi-omics research and enhanced our ability to integrate diverse datasets. Despite challenges in establishing standards of data acquisition and processing, a significant proposal has emerged for the scientific community to collaboratively build a vast hyperspectral database. Integrated with reducing the cost of hyperspectral sensors and promoting more open-source analysis pipelines for hyperspectral data, these initiatives promise to lay the groundwork for robust big data analytics, potentially revolutionising plant research and breeding.",2025,
article,https://doi.org/10.1002/bit.70213,"Golzarijalal, Mohammad and Aickelin, Uwe and Otte, Ellen",Addressing Small Data Challenges in Biopharmaceutical Development and Manufacturing: A Mini Review of Multi-Fidelity Techniques,Biotechnology and Bioengineering,n/a,n/a,,"biopharmaceutical processes, Gaussian processes, graph neural networks, model interpretability, multi-fidelity modeling, neural networks",https://doi.org/10.1002/bit.70213,https://onlinelibrary.wiley.com/doi/abs/10.1002/bit.70213,https://onlinelibrary.wiley.com/doi/pdf/10.1002/bit.70213,"ABSTRACT The growing demand for biopharmaceutical products reflects their effectiveness in medical treatments. However, developing new biopharmaceuticals remains a major bottleneck, often taking up to a decade before market approval. Machine learning (ML) models have the potential to accelerate this process, but their success depends on access to large and diverse data sets for training. Multi-fidelity ML techniques offer a promising solution by integrating abundant, low-cost, and less accurate low-fidelity (LF) data with limited, expensive, and more accurate high-fidelity (HF) data. In this framework, LF data capture global system trends, while HF data refine and align model predictions with the available ground truth. Such integration can substantially reduce development costs and timelines by minimizing the need to acquire HF data, for example, through extensive experimental campaigns. This work reviews developments in surrogate modeling within the biopharmaceutical context, including Gaussian processes, neural networks, and physics-informed approaches. It also provides practical recommendations for identifying appropriate LF and HF data. Existing research has primarily focused on upstream processing and drug discovery, highlighting opportunities to extend these methods to other stages, like downstream processing. While Gaussian processes and neural networks remain the most frequently used models, emerging architectures such as Transformer and diffusion models present promising directions for future research.",,
article,https://doi.org/10.1002/fes3.70237,"Sun, Yong and Xie, Longying and Huang, Mei and Hu, Ruichun",Understanding Multi-Disaster Impacts on China's Grain Production for Food Security: An XGBoost-SHAP Approach,Food and Energy Security,15,2,e70237,"agricultural natural disasters, China, grain production, XGBoost-SHAP model",https://doi.org/10.1002/fes3.70237,https://onlinelibrary.wiley.com/doi/abs/10.1002/fes3.70237,https://onlinelibrary.wiley.com/doi/pdf/10.1002/fes3.70237,"ABSTRACT Agricultural natural disasters pose a growing threat to global food security by compromising the resilience and sustainability of farming systems. While previous studies have largely focused on assessing the specific impacts of individual disaster types on grain production, they have often overlooked the differential effects across various grain types and the underlying mechanisms driving these impacts. As a major global food producer, China critically needs to decipher the complex spatio-temporal dynamics between these disasters and grain production output to safeguard food supplies. This study integrates spatio-temporal pattern analysis with the XGBoost-SHAP model to examine the heterogeneous and nonlinear impacts of five key disasters—drought, flood, hail, frost, and typhoon—on beans, cereals, and tubers in China from 2000 to 2022. Findings indicate a decline in the overall incidences of drought and flood, yet with growing spatial uncertainty. Grain production exhibited regionnal clustering: beans and cereals in the resource-abundant northeast, and tubers in the stress-tolerant southwest and northwest, signaling a “north-to-south” production shift. XGBoost-SHAP revealed grain-specific nonlinear impacts—beans were most sensitive to floods, cereals to droughts. All disasters reduced bean and cereal production, with losses accelerating beyond 5\%–8\% incidence thresholds. Notably, tuber production rose after floods, droughts, and frosts, likely due to substitution effects from grain competition. This work contributes novel insights into the nuanced impacts of various agricultural natural disasters on China's grain production, thereby laying a crucial foundation for developing data-driven strategies to enhance agricultural resilience and ensure global food security.",2026,e70237 7269706
article,https://doi.org/10.1111/pbi.14405,"Dwivedi, Sangam L. and Heslop-Harrison, Pat and Amas, Junrey and Ortiz, Rodomiro and Edwards, David",Epistasis and pleiotropy-induced variation for plant breeding,Plant Biotechnology Journal,22,10,2788-2807,"genetic correlation, genomic selection and heterosis, multi-role pleiotropy genes, machine learning algorithms, trade-off",https://doi.org/10.1111/pbi.14405,https://onlinelibrary.wiley.com/doi/abs/10.1111/pbi.14405,https://onlinelibrary.wiley.com/doi/pdf/10.1111/pbi.14405,"Summary Epistasis refers to nonallelic interaction between genes that cause bias in estimates of genetic parameters for a phenotype with interactions of two or more genes affecting the same trait. Partitioning of epistatic effects allows true estimation of the genetic parameters affecting phenotypes. Multigenic variation plays a central role in the evolution of complex characteristics, among which pleiotropy, where a single gene affects several phenotypic characters, has a large influence. While pleiotropic interactions provide functional specificity, they increase the challenge of gene discovery and functional analysis. Overcoming pleiotropy-based phenotypic trade-offs offers potential for assisting breeding for complex traits. Modelling higher order nonallelic epistatic interaction, pleiotropy and non-pleiotropy-induced variation, and genotype × environment interaction in genomic selection may provide new paths to increase the productivity and stress tolerance for next generation of crop cultivars. Advances in statistical models, software and algorithm developments, and genomic research have facilitated dissecting the nature and extent of pleiotropy and epistasis. We overview emerging approaches to exploit positive (and avoid negative) epistatic and pleiotropic interactions in a plant breeding context, including developing avenues of artificial intelligence, novel exploitation of large-scale genomics and phenomics data, and involvement of genes with minor effects to analyse epistatic interactions and pleiotropic quantitative trait loci, including missing heritability.",2024,PBI-00218-2024.R1
